Order_Id,Customer_Name,Customer_Id,Product_Name,Product_Cost,Date
1122,Madhurima,7,iPhone 11,63000,2/5/2019 3:00
1123,Balaji,12,Google Phone,65999,2/5/2019 4:00
1124,Jaya Chandra,21,LG Washing Machine,75999,2/6/2019 5:00
1125,Vinay,10,27in FHD Monitor,69000,2/6/2019 6:00
1126,Jaya Chandra,21,iPhone 8,63999,2/10/2019 7:00
1127,Venu,23,iPhone 9,51999,2/11/2019 8:00
1128,Sumanth,22,Samsung Galaxy S9 Plus,55000,2/11/2019 9:00
1129,Karteek,4,27in 4K Gaming Monitor,63999,2/20/2019 10:00
1130,Jaya Chandra,21,Flatscreen TV,75999,2/20/2019 11:00