Order_Id,Customer_Name,Customer_Id,Product_Name,Product_Cost,Date
1617,Siddhu,18,Samsung Galaxy S20,63999,7/25/2019 18:00
1618,Pradhan,17,ThinkPad Laptop,60000,7/25/2019 19:00
1619,Mallikarjun,13,iPhone 11,55999,7/25/2019 20:00
1620,Nireekshan,1,27in FHD Monitor,75000,7/25/2019 21:00
1621,Daniel,6,iPhone 9,50000,7/25/2019 22:00
1622,Partha,8,iPhone 9,65000,7/25/2019 23:00
1623,Veeru,3,iPhone 9,69999,7/26/2019 0:00
1624,Venki,15,iPhone 8,55000,7/26/2019 1:00
1625,Sumanth,22,Samsung Galaxy S9 Plus,75000,7/26/2019 2:00