Order_Id,Customer_Name,Customer_Id,Product_Name,Product_Cost,Date
1221,Shahid,20,Apple Airpods Headphones,65000,3/7/2019 6:00
1222,Sumanth,22,ThinkPad Laptop,59000,3/7/2019 7:00
1223,Sumanth,22,ThinkPad Laptop,55999,3/7/2019 8:00
1224,Partha,8,LG Washing Machine,63999,3/7/2019 9:00
1225,Karteek,4,LG Washing Machine,50000,3/8/2019 10:00
1226,Jaya Chandra,21,Apple Airpods Headphones,75000,3/8/2019 11:00
1227,Chaithanya,14,20in Monitor,65999,3/9/2019 12:00
1228,Kedar,2,iPhone 11,60000,3/9/2019 13:00
1229,Balaji,12,Apple Airpods Headphones,60000,3/9/2019 14:00