Order_Id,Customer_Name,Customer_Id,Product_Name,Product_Cost,Date
2013,Daniel,6,Google Phone,63999,11/1/2019 6:00
2014,Karteek,4,27in 4K Gaming Monitor,55999,11/1/2019 7:00
2015,Siddhu,18,Samsung Galaxy S9 Plus,50000,11/2/2019 8:00
2016,Partha,8,Google Phone,50000,11/2/2019 9:00
2017,Kedar,2,ThinkPad Laptop,65000,11/2/2019 10:00
2018,Daniel,6,27in FHD Monitor,75000,11/2/2019 11:00
2019,Harsha,5,34in Ultrawide Monitor,55000,11/2/2019 12:00
2020,Balaji,12,LG Mobile,50000,11/2/2019 13:00
2021,Shahid,20,iPhone 9,55999,11/2/2019 14:00